total_energy_kWh,total_throughput_ton,average_energy_per_ton,peak_energy_kWh,offpeak_energy_kWh,co2_emissions_kg
1105095.5273709637,25025.85613708737,44.268310784059,229490.34929490936,875605.1780760544,464140.12149580475
