availability,performance,quality
0.965,0.8000068944959756,0.9881347327441927
