shift,energy_kWh,throughput_ton,energy_per_ton
A,368099.43062521634,8336.517146848619,44.155061897085616
B,367333.0697048291,8315.464965173418,44.17468791502129
C,369663.02704091836,8373.87402506533,44.14480393834613
