shift,availability,performance,quality
A,0.9633333333333334,0.8017263634407478,0.9881937175901256
B,0.9645833333333333,0.7975128502814893,0.9881361486120213
C,0.9670833333333333,0.8007816899101171,0.9880743320304313
